<?xml version="1.1" encoding="UTF-8"?>

<channel name="xfce4-desktop" version="1.0">
  <property name="backdrop" type="empty">
    <property name="screen0" type="empty">
      <property name="monitor0" type="empty">
        <property name="brightness" type="empty"/>
        <property name="color1" type="empty"/>
        <property name="color2" type="empty"/>
        <property name="color-style" type="empty"/>
        <property name="image-show" type="empty"/>
        <property name="last-single-image" type="empty"/>
      </property>
      <property name="monitor1" type="empty">
        <property name="brightness" type="empty"/>
        <property name="color1" type="empty"/>
        <property name="color2" type="empty"/>
        <property name="color-style" type="empty"/>
        <property name="image-show" type="empty"/>
        <property name="last-single-image" type="/usr/share/backgrounds/back01.jpg"/>
      </property>
      <property name="monitorVirtual-1" type="empty">
        <property name="workspace0" type="empty">
          <property name="color-style" type="int" value="0"/>
          <property name="image-style" type="int" value="5"/>
          <property name="last-image" type="string" value="/usr/share/backgrounds/back01.jpg"/>
        </property>
        <property name="workspace1" type="empty">
          <property name="color-style" type="int" value="0"/>
          <property name="image-style" type="int" value="5"/>
          <property name="last-image" type="string" value="/usr/share/backgrounds/back02.jpg"/>
        </property>
        <property name="workspace2" type="empty">
          <property name="color-style" type="int" value="0"/>
          <property name="image-style" type="int" value="5"/>
          <property name="last-image" type="string" value="/usr/share/backgrounds/back03.jpg"/>
        </property>
      </property>
      <property name="monitorHDMI-1" type="empty">
        <property name="workspace0" type="empty">
          <property name="color-style" type="int" value="1"/>
          <property name="image-style" type="int" value="5"/>
          <property name="last-image" type="string" value="/usr/share/backgrounds/back01.jpg"/>
        </property>
        <property name="workspace1" type="empty">
          <property name="color-style" type="int" value="1"/>
          <property name="image-style" type="int" value="5"/>
          <property name="last-image" type="string" value="/usr/share/backgrounds/back02.jpg"/>
        </property>
        <property name="workspace2" type="empty">
          <property name="color-style" type="int" value="1"/>
          <property name="image-style" type="int" value="5"/>
          <property name="last-image" type="string" value="/usr/share/backgrounds/back03.jpg"/>
        </property>
      </property>
      <property name="monitorDVI-D-1" type="empty">
        <property name="workspace0" type="empty">
          <property name="color-style" type="int" value="1"/>
          <property name="image-style" type="int" value="5"/>
          <property name="last-image" type="string" value="/usr/share/backgrounds/back01.jpg"/>
        </property>
        <property name="workspace1" type="empty">
          <property name="color-style" type="int" value="1"/>
          <property name="image-style" type="int" value="5"/>
          <property name="last-image" type="string" value="/usr/share/backgrounds/back02.jpg"/>
        </property>
        <property name="workspace2" type="empty">
          <property name="color-style" type="int" value="1"/>
          <property name="image-style" type="int" value="5"/>
          <property name="last-image" type="string" value="/usr/share/backgrounds/back03.jpg"/>
        </property>
        <property name="monitorVGA-1" type="empty">
          <property name="workspace0" type="empty">
            <property name="color-style" type="int" value="1"/>
            <property name="image-style" type="int" value="5"/>
            <property name="last-image" type="string" value="/usr/share/backgrounds/back01.jpg"/>
          </property>
          <property name="workspace1" type="empty">
            <property name="color-style" type="int" value="1"/>
            <property name="image-style" type="int" value="5"/>
            <property name="last-image" type="string" value="/usr/share/backgrounds/back02.jpg"/>
          </property>
          <property name="workspace2" type="empty">
            <property name="color-style" type="int" value="1"/>
            <property name="image-style" type="int" value="5"/>
            <property name="last-image" type="string" value="/usr/share/backgrounds/back03.jpg"/>
          </property>
        </property>
      </property>
    </property>
    <property name="last" type="empty">
      <property name="window-width" type="int" value="649"/>
      <property name="window-height" type="int" value="566"/>
    </property>
    <property name="desktop-icons" type="empty">
      <property name="primary" type="bool" value="true"/>
      <property name="file-icons" type="empty">
        <property name="show-filesystem" type="bool" value="false"/>
        <property name="show-home" type="bool" value="false"/>
        <property name="show-removable" type="bool" value="false"/>
      </property>
      <property name="style" type="int" value="0"/>
    </property>
    <property name="single-workspace-mode" type="bool" value="false"/>
  </property>
  <property name="desktop-icons" type="empty">
    <property name="file-icons" type="empty">
      <property name="show-home" type="bool" value="false"/>
      <property name="show-filesystem" type="bool" value="false"/>
      <property name="show-removable" type="bool" value="false"/>
    </property>
  </property>
  <property name="last" type="empty">
    <property name="window-width" type="int" value="630"/>
    <property name="window-height" type="int" value="544"/>
  </property>
  <property name="last-settings-migration-version" type="uint" value="1"/>
</channel>
