<?xml version="1.1" encoding="UTF-8"?>

<channel name="xfce4-notifyd" version="1.0">
  <property name="applications" type="empty">
    <property name="known_applications" type="array">
      <value type="string" value="org.gnome.Software"/>
      <value type="string" value="System Config Printer Notification"/>
      <value type="string" value="ulauncher"/>
    </property>
  </property>
  <property name="log-max-size-enabled" type="bool" value="true"/>
  <property name="show-notifications-on" type="string" value="active-monitor"/>
  <property name="log-level" type="string" value="not-fully-shown"/>
  <property name="log-level-apps" type="string" value="all"/>
  <property name="notify-location" type="string" value="top-right"/>
</channel>
