<?xml version="1.1" encoding="UTF-8"?>

<channel name="displays" version="1.0">
  <property name="ActiveProfile" type="string" value="Default"/>
  <property name="Notify" type="int" value="1"/>
  <property name="AutoEnableProfiles" type="int" value="3"/>
  <property name="Default" type="empty">
    <property name="Virtual-1" type="string" value="Virtual-1">
      <property name="Active" type="bool" value="true"/>
      <property name="EDID" type="string" value="b883ef98b81d49528d4237f65b621d20199f5fac"/>
      <property name="Resolution" type="string" value="1920x1080"/>
      <property name="RefreshRate" type="double" value="60"/>
      <property name="Rotation" type="int" value="0"/>
      <property name="Reflection" type="string" value="0"/>
      <property name="Primary" type="bool" value="false"/>
      <property name="Scale" type="double" value="1"/>
      <property name="Position" type="empty">
        <property name="X" type="int" value="0"/>
        <property name="Y" type="int" value="0"/>
      </property>
    </property>
  </property>
</channel>
