<?xml version="1.1" encoding="UTF-8"?>

<channel name="thunar" version="1.0">
  <property name="last-view" type="string" value="ThunarDetailsView"/>
  <property name="last-icon-view-zoom-level" type="string" value="THUNAR_ZOOM_LEVEL_100_PERCENT"/>
  <property name="last-separator-position" type="int" value="170"/>
  <property name="last-window-width" type="int" value="1121"/>
  <property name="last-window-height" type="int" value="597"/>
  <property name="last-window-maximized" type="bool" value="false"/>
  <property name="last-show-hidden" type="bool" value="true"/>
  <property name="last-details-view-zoom-level" type="string" value="THUNAR_ZOOM_LEVEL_38_PERCENT"/>
  <property name="last-details-view-column-widths" type="string" value="50,50,141,50,50,50,50,50,559,50,50,84,50,166"/>
  <property name="misc-single-click" type="bool" value="false"/>
  <property name="misc-directory-specific-settings" type="bool" value="true"/>
</channel>
