<?xml version="1.1" encoding="UTF-8"?>

<channel name="xfce4-panel" version="1.0">
  <property name="configver" type="int" value="2"/>
  <property name="panels" type="array">
    <value type="int" value="1"/>
    <value type="int" value="2"/>
    <property name="dark-mode" type="bool" value="true"/>
    <property name="panel-1" type="empty">
      <property name="position" type="string" value="p=6;x=0;y=0"/>
      <property name="length" type="uint" value="100"/>
      <property name="position-locked" type="bool" value="true"/>
      <property name="icon-size" type="uint" value="34"/>
      <property name="size" type="uint" value="44"/>
      <property name="plugin-ids" type="array">
        <value type="int" value="7"/>
        <value type="int" value="2"/>
        <value type="int" value="3"/>
        <value type="int" value="12"/>
        <value type="int" value="23"/>
        <value type="int" value="4"/>
        <value type="int" value="5"/>
        <value type="int" value="25"/>
        <value type="int" value="8"/>
        <value type="int" value="6"/>
        <value type="int" value="11"/>
        <value type="int" value="14"/>
        <value type="int" value="13"/>
      </property>
      <property name="background-style" type="uint" value="1"/>
      <property name="background-rgba" type="array">
        <value type="double" value="0"/>
        <value type="double" value="0"/>
        <value type="double" value="0"/>
        <value type="double" value="0"/>
      </property>
      <property name="enter-opacity" type="uint" value="70"/>
      <property name="leave-opacity" type="uint" value="70"/>
    </property>
    <property name="panel-2" type="empty">
      <property name="autohide-behavior" type="uint" value="1"/>
      <property name="position" type="string" value="p=0;x=947;y=1010"/>
      <property name="length" type="double" value="1"/>
      <property name="position-locked" type="bool" value="true"/>
      <property name="size" type="uint" value="58"/>
      <property name="plugin-ids" type="array">
        <value type="int" value="17"/>
        <value type="int" value="16"/>
        <value type="int" value="18"/>
        <value type="int" value="28"/>
        <value type="int" value="24"/>
        <value type="int" value="21"/>
        <value type="int" value="26"/>
        <value type="int" value="19"/>
        <value type="int" value="22"/>
        <value type="int" value="9"/>
        <value type="int" value="1"/>
        <value type="int" value="20"/>
        <value type="int" value="10"/>
        <value type="int" value="27"/>
        <value type="int" value="30"/>
        <value type="int" value="29"/>
        <value type="int" value="31"/>
      </property>
      <property name="background-style" type="uint" value="1"/>
      <property name="background-rgba" type="array">
        <value type="double" value="0"/>
        <value type="double" value="0"/>
        <value type="double" value="0"/>
        <value type="double" value="0"/>
      </property>
    </property>
  </property>
  <property name="plugins" type="empty">
    <property name="plugin-2" type="string" value="tasklist">
      <property name="grouping" type="bool" value="false"/>
      <property name="show-labels" type="bool" value="false"/>
      <property name="show-handle" type="bool" value="true"/>
    </property>
    <property name="plugin-3" type="string" value="separator">
      <property name="expand" type="bool" value="true"/>
      <property name="style" type="uint" value="0"/>
    </property>
    <property name="plugin-4" type="string" value="pager">
      <property name="rows" type="uint" value="1"/>
      <property name="workspace-scrolling" type="bool" value="false"/>
      <property name="miniature-view" type="bool" value="false"/>
    </property>
    <property name="plugin-5" type="string" value="separator">
      <property name="style" type="uint" value="1"/>
    </property>
    <property name="plugin-6" type="string" value="systray">
      <property name="square-icons" type="bool" value="true"/>
      <property name="known-items" type="array">
        <value type="string" value="BLEACHBIT"/>
        <value type="string" value="stacer"/>
        <value type="string" value="blueman"/>
        <value type="string" value="ulauncher"/>
      </property>
      <property name="known-legacy-items" type="array">
        <value type="string" value="networking disabled"/>
        <value type="string" value="clipman"/>
        <value type="string" value="ethernet network connection “wired connection 1” active"/>
        <value type="string" value="ulauncher"/>
        <value type="string" value="flameshot"/>
      </property>
    </property>
    <property name="plugin-11" type="string" value="separator">
      <property name="style" type="uint" value="0"/>
    </property>
    <property name="plugin-12" type="string" value="clock">
      <property name="digital-layout" type="uint" value="3"/>
      <property name="digital-time-format" type="string" value="%a %h %d,%l:%M %p"/>
      <property name="digital-time-font" type="string" value="Nimbus Sans Bold 16"/>
    </property>
    <property name="plugin-13" type="string" value="separator">
      <property name="style" type="uint" value="0"/>
    </property>
    <property name="plugin-14" type="string" value="actions">
      <property name="items" type="array">
        <value type="string" value="+lock-screen"/>
        <value type="string" value="+switch-user"/>
        <value type="string" value="+separator"/>
        <value type="string" value="+suspend"/>
        <value type="string" value="-hibernate"/>
        <value type="string" value="-hybrid-sleep"/>
        <value type="string" value="-separator"/>
        <value type="string" value="+shutdown"/>
        <value type="string" value="+restart"/>
        <value type="string" value="+separator"/>
        <value type="string" value="+logout"/>
        <value type="string" value="-logout-dialog"/>
      </property>
      <property name="button-title" type="uint" value="3"/>
      <property name="custom-title" type="string" value="Exit"/>
    </property>
    <property name="plugin-16" type="string" value="separator"/>
    <property name="plugin-17" type="string" value="launcher">
      <property name="items" type="array">
        <value type="string" value="17040662311.desktop"/>
      </property>
    </property>
    <property name="plugin-18" type="string" value="launcher">
      <property name="items" type="array">
        <value type="string" value="17456159841.desktop"/>
        <value type="string" value="17173766771.desktop"/>
      </property>
    </property>
    <property name="plugin-19" type="string" value="launcher">
      <property name="items" type="array">
        <value type="string" value="17670737921.desktop"/>
      </property>
    </property>
    <property name="plugin-20" type="string" value="launcher">
      <property name="items" type="array">
        <value type="string" value="17456162369.desktop"/>
      </property>
    </property>
    <property name="plugin-21" type="string" value="separator"/>
    <property name="plugin-7" type="string" value="whiskermenu">
      <property name="button-icon" type="string" value="/usr/share/icons/start/menu.png"/>
      <property name="hover-switch-category" type="bool" value="true"/>
      <property name="default-category" type="int" value="2"/>
      <property name="favorites-in-recent" type="bool" value="false"/>
      <property name="position-search-alternate" type="bool" value="false"/>
      <property name="position-categories-alternate" type="bool" value="true"/>
      <property name="menu-width" type="int" value="580"/>
      <property name="menu-height" type="int" value="660"/>
      <property name="menu-opacity" type="int" value="90"/>
      <property name="command-switchuser" type="string" value="dm-tool switch-to-greeter"/>
      <property name="favorites" type="array">
        <value type="string" value="xfce4-web-browser.desktop"/>
        <value type="string" value="xfce4-mail-reader.desktop"/>
        <value type="string" value="xfce4-file-manager.desktop"/>
        <value type="string" value="xfce4-terminal-emulator.desktop"/>
      </property>
      <property name="recent" type="array">
      </property>
      <property name="position-profile-alternate" type="bool" value="true"/>
      <property name="recent-items-max" type="int" value="0"/>
    </property>
    <property name="plugin-23" type="string" value="separator">
      <property name="style" type="uint" value="0"/>
      <property name="expand" type="bool" value="true"/>
    </property>
    <property name="plugin-24" type="string" value="launcher">
      <property name="items" type="array">
        <value type="string" value="17064005401.desktop"/>
      </property>
    </property>
    <property name="plugin-26" type="string" value="launcher">
      <property name="items" type="array">
        <value type="string" value="17025791908.desktop"/>
      </property>
    </property>
    <property name="plugin-27" type="string" value="launcher">
      <property name="items" type="array">
        <value type="string" value="17456161106.desktop"/>
        <value type="string" value="17456161187.desktop"/>
      </property>
    </property>
    <property name="plugin-28" type="string" value="launcher">
      <property name="items" type="array">
        <value type="string" value="17456160132.desktop"/>
      </property>
    </property>
    <property name="plugin-29" type="string" value="launcher">
      <property name="items" type="array">
        <value type="string" value="170257926011.desktop"/>
      </property>
    </property>
    <property name="plugin-30" type="string" value="separator"/>
    <property name="plugin-31" type="string" value="launcher">
      <property name="items" type="array">
        <value type="string" value="170257927612.desktop"/>
      </property>
    </property>
    <property name="plugin-1" type="string" value="launcher">
      <property name="items" type="array">
        <value type="string" value="17456160543.desktop"/>
      </property>
    </property>
    <property name="plugin-9" type="string" value="launcher">
      <property name="items" type="array">
        <value type="string" value="17456160955.desktop"/>
      </property>
    </property>
    <property name="plugin-10" type="string" value="launcher">
      <property name="items" type="array">
        <value type="string" value="17173768277.desktop"/>
      </property>
    </property>
    <property name="plugin-22" type="string" value="launcher">
      <property name="items" type="array">
        <value type="string" value="174561626710.desktop"/>
        <value type="string" value="174561627111.desktop"/>
      </property>
    </property>
    <property name="plugin-25" type="string" value="xfce4-clipman-plugin"/>
    <property name="plugin-8" type="string" value="power-manager-plugin"/>
  </property>
</channel>
